Métrica,Valor
MAE (Train),26757.300777658987
MAE (Test),30835.995475958705
RMSE (Test),44120.12196233046
R² (Test),0.9286731230371874
